{"cameraMode":{"drawMode":0,"name":"Shaded","section":"Shading Mode"},"sceneLighting":true,"audioPlay":false,"sceneViewState":{"showFog":true,"showMaterialUpdate":false,"showSkybox":true,"showFlares":true,"showImageEffects":true,"showParticleSystems":true},"in2DMode":false,"pivot":{"x":3.1568009853363039,"y":-0.590817928314209,"z":0.1701989322900772},"rotation":{"x":-0.02511315606534481,"y":0.9740323424339294,"z":-0.13707345724105836,"w":-0.17845100164413453},"size":10.0,"orthographic":false}